ingr,id,cal,fat,carb,protein
cottage cheese,1,0.98,0.043,0.034,0.11
strawberries,2,0.33,0.003,0.08,0.007
garden salad,3,0.646,0.034,0.032,0.061
bacon,4,5.41,0.42,0.014,0.37
potatoes,5,0.77,0.001,0.17,0.02
caesar salad,6,0.44,0.021,0.043,0.032
cauliflower,7,0.25,0.003,0.05,0.018
scrambled eggs,8,1.48,0.11,0.016,0.1
wild rice,9,1.19,0.004,0.25,0.05
steak,10,2.71,0.19,0,0.25
cheese pizza,11,2.659,0.094,0.335,0.112
olives,12,1.15,0.107,0.063,0.008
berries,13,0.57,0.003,0.14,0.007
asparagus,14,0.204,0.001,0.039,0.022
hash browns,15,3.26,0.22,0.32,0.026
brussels sprouts,16,0.43,0.003,0.09,0.034
pasta salad,17,2.015,0.119,0.173,0.059
turkey,18,1.89,0.07,0.001,0.29
bread,19,2.654,0.042,0.423,0.135
duck,20,3.37,0.28,0,0.19
squash,21,0.205,0.003,0.034,0.009
guacamole,22,2,0.171,0.086,0.029
brown rice,23,1.11,0.009,0.23,0.026
artic char,24,1.54,0.081,0,0.2
beef,25,2.5,0.15,0,0.26
white rice,26,1.3,0.003,0.28,0.027
broccoli,27,0.35,0.004,0.07,0.024
chicken,28,1.65,0.036,0,0.31
mixed greens,29,0.28,0.004,0.053,0.022
lettuce,30,0.15,0.002,0.029,0.014
cucumbers,31,0.1,0,0.02,0.01
tomatoes,32,0.34,0.007,0.068,0.007
bell peppers,33,0.4,0.002,0.09,0.02
celery,34,0.16,0.002,0.034,0.007
blue cheese,35,3.53,0.29,0.023,0.21
spinach (raw),36,0.23,0.004,0.036,0.029
cantaloupe,37,0.34,0.002,0.08,0.008
pineapple,38,0.5,0.001,0.13,0.005
sausage,39,3.446,0.273,0.042,0.193
raspberries,40,0.53,0.007,0.12,0.012
blackberries,41,0.43,0.005,0.092,0.014
avocado,42,1.6,0.15,0.09,0.02
green beans,43,0.31,0.001,0.07,0.018
bean sprouts,44,0.3,0.002,0.059,0.03
carrot,45,0.41,0.002,0.1,0.009
mushroom,46,0.22,0.003,0.033,0.031
corn,47,0.96,0.015,0.21,0.034
ham,48,1.45,0.06,0.015,0.21
fish,49,0.9,0.13,0,0.184
tofu,50,0.73,0.048,0.019,0.08
shrimp,51,0.99,0.003,0.002,0.24
cheese,52,4.02,0.33,0.013,0.25
nuts,53,6.07,0.54,0.21,0.2
apple,54,0.52,0.002,0.14,0.003
banana,55,0.89,0.003,0.23,0.011
kiwi,56,0.61,0.005,0.15,0.011
lemon,57,0.29,0.003,0.09,0.011
orange,58,0.47,0.001,0.12,0.009
oatmeal,59,0.68,0.014,0.12,0.024
tortilla,60,2.18,0.029,0.45,0.06
potato chips,61,5.36,0.35,0.53,0.07
noodles,62,1.38,0.021,0.25,0.045
bean(seed) ,63,1.4,0.006,0.24,0.09
alcohol,64,0.431,0,0.036,0.005
grape juice,65,0.67,0.004,0.17,0.006
ground beef,66,3.321,0.295,0,0.142
syrup,67,2.6,0.001,0.67,0
grapefruits,68,0.42,0.001,0.11,0.008
fruit punch,69,0.45,0,0.125,0
figs,70,2.75,0,0.65,0.025
macaroni and cheese,71,1.64,0.05,0.23,0.07
kale,72,0.49,0.007,0.09,0.033
radishes,73,0.16,0.001,0.034,0.007
pasta,74,1.316,0.011,0.248,0.051
refried beans,75,0.918,0.012,0.152,0.052
brisket,76,1.552,0.072,0,0.21
almonds,77,5.781,0.495,0.227,0.224
protein powder,78,4,0.033,0.1,0.8
okra,79,0.328,0.002,0.072,0.019
turkey bacon,80,3.797,0.281,0.031,0.291
pickles,81,0.11,0.002,0.023,0.003
pecans,82,6.9,0.72,0.14,0.09
muenster cheese,83,3.675,0.296,0.011,0.239
brie cheese,84,3.334,0.28,0.005,0.21
apple juice,85,0.46,0.001,0.11,0.001
raisin bran,86,3.14,0.027,0.77,0.08
coleslaw,87,1.523,0.097,0.148,0.01
margarine,88,7.17,0.81,0.007,0.002
spaghetti,89,1.58,0.009,0.31,0.06
ground pork,90,3.93,0.33,0.014,0.23
herring,91,0.859,0.059,0.032,0.047
wine,92,0.85,0,0.026,0.001
alfalfa,93,0.29,0.007,0.038,0.04
onions,94,0.4,0.001,0.09,0.011
artichokes,95,0.47,0.002,0.11,0.033
mussels,96,1.718,0.045,0.07,0.238
falafel,97,3.341,0.178,0.307,0.133
multigrain bread,98,2.857,0.092,0.49,0.041
marshmallows,99,3.18,0.002,0.81,0.018
oats,100,3.89,0.069,0.663,0.169
leeks,101,0.61,0.003,0.14,0.015
snow peas,102,0.81,0.004,0.14,0.05
pretzels,103,3.803,0.026,0.804,0.101
strudels,104,3.182,0.108,0.5,0.05
grilled chicken,105,2.262,0.149,0.001,0.226
half and half,106,1.3,0.12,0.043,0.03
mixed nuts,107,6.069,0.535,0.211,0.206
spring rolls,108,1.543,0.08,0.043,0.162
french toast,109,2.292,0.109,0.248,0.078
barbecue sauce,110,1.72,0.006,0.41,0.008
clams,111,1.48,0.02,0.051,0.255
honeydew melons,112,0.36,0.001,0.09,0.005
ketchup,113,1.12,0.002,0.26,0.013
polenta,114,3.7,0.018,0.79,0.07
lemonade,115,0.4,0,0.1,0.001
mayonnaise,116,6.8,0.75,0.006,0.01
tacos,117,2.26,0.13,0.201,0.088
eggnog,118,0.878,0.042,0.08,0.046
tabouli,119,0.85,0.045,0.107,0.021
gelatin,120,0.618,0,0.141,0.012
watermelon,121,0.3,0.002,0.076,0.006
garlic,122,1.49,0.005,0.33,0.064
crawfish,123,0.77,0.01,0,0.16
walnuts,124,6.533,0.642,0.139,0.151
octopus,125,1.637,0.021,0.044,0.297
mustard,126,0.613,0.033,0.06,0.037
pastries,127,5.508,0.384,0.452,0.072
egg whites,128,0.52,0.002,0.007,0.1
raisins,129,2.99,0.005,0.79,0.031
rye bread,130,2.586,0.032,0.482,0.086
dark chocolate,131,5.75,0.46,0.27,0.06
croissants,132,4.062,0.212,0.459,0.08
shallots,133,0.2,0.002,0.033,0.015
biscuits,134,3.525,0.162,0.447,0.07
tilapia,135,1.288,0.027,0,0.261
poached eggs,136,1.425,0.092,0.008,0.125
succotash,137,0.99,0.01,0.2,0.05
seafood,138,2.044,0.081,0.018,0.285
egg rolls,139,1.966,0.045,0.287,0.102
caesar dressing,140,0.441,0.021,0.043,0.032
tuna salad,141,1.87,0.092,0.092,0.162
india pale ale beer,142,0.556,0,0.017,0.003
veal,143,1.72,0.076,0,0.244
sorbet,144,1.24,0.005,0.267,0.019
bison,145,1.79,0.08,0,0.25
scallops,146,1.059,0.006,0.059,0.2
turkey breast,147,1.891,0.071,0,0.288
parmesan cheese,148,4.307,0.286,0.042,0.384
sushi,149,1.43,0.004,0.299,0.043
swordfish,150,1.718,0.079,0,0.234
agave nectar,151,3.1,0.005,0.76,0.001
cabbage,152,0.21,0.005,0.032,0.013
bulgur,153,3.42,0.013,0.76,0.12
brown sugar,154,3.8,0,0.98,0.001
chicken thighs,155,1.772,0.083,0,0.239
paella,156,1.834,0.091,0.141,0.104
colby cheese,157,3.94,0.313,0.025,0.243
gumbo,158,0.867,0.033,0.098,0.041
apple cider,159,0.462,0.001,0.113,0.001
chow mein,160,4.611,0.184,0.676,0.108
olive oil,161,8.84,1,0,0
parsnips,162,0.75,0.003,0.18,0.012
kidney beans,163,3.33,0.008,0.6,0.24
chowders,164,0.99,0.062,0.076,0.031
skim milk,165,0.34,0.001,0.049,0.034
grapefruit juice,166,0.389,0.001,0.091,0.005
tamales,167,1.528,0.06,0.181,0.062
lasagna,168,1.35,0.05,0.154,0.072
whole wheat bread,169,2.468,0.033,0.421,0.13
gravy,170,0.791,0.059,0.052,0.02
almond butter,171,6.086,0.555,0.187,0.209
cherry pie,172,2.694,0.122,0.387,0.028
chestnuts,173,1.308,0.014,0.281,0.021
bread crumbs,174,3.95,0.051,0.713,0.132
apple pie,175,2.367,0.11,0.345,0.018
french dressing,176,4.532,0.442,0.156,0.007
tempeh,177,1.929,0.109,0.093,0.188
pies,178,2.367,0.111,0.345,0.019
eggs,179,1.555,0.105,0.012,0.125
rice noodles,180,1.09,0.002,0.25,0.009
milk shakes,181,1.121,0.029,0.18,0.039
soy yogurt,182,1.014,0.019,0.173,0.037
chips,183,5.363,0.35,0.529,0.07
ravioli,184,0.771,0.015,0.138,0.025
collards,185,0.313,0.006,0.053,0.03
green peas,186,0.774,0.004,0.136,0.05
chickpeas,187,1.64,0.026,0.27,0.09
carrot cake,188,4.153,0.099,0.786,0.05
vinegar,189,0,0,0,0
hamburgers,190,2.95,0.141,0.241,0.168
cheesecake,191,3.21,0.223,0.253,0.057
yam,192,1.241,0.002,0.294,0.016
hot dogs,193,2.902,0.255,0.042,0.098
fried rice,194,1.577,0.022,0.299,0.047
wafers,195,4.334,0.144,0.726,0.068
cod,196,0.847,0.005,0,0.189
salads,197,1.523,0.097,0.148,0.01
breadsticks,198,4.083,0.092,0.691,0.123
swiss cheese,199,3.799,0.282,0.052,0.276
buttermilk,200,0.402,0.009,0.048,0.033
blueberries,201,0.572,0.003,0.144,0.007
enchiladas,202,1.681,0.092,0.158,0.061
chili,203,0.4,0.004,0.089,0.018
pork chops,204,2.308,0.141,0,0.239
corn on the cob,205,1.061,0.024,0.22,0.031
muffins,206,3.77,0.159,0.533,0.046
fried chicken,207,2.461,0.118,0.019,0.304
ice cream cones,208,4.189,0.071,0.79,0.079
pastrami,209,1.458,0.058,0.004,0.216
chocolate milk,210,0.831,0.034,0.102,0.032
plums,211,0.457,0.003,0.115,0.007
burgers,212,2.95,0.141,0.241,0.168
pears,213,0.572,0.001,0.152,0.004
seeds,214,5.582,0.492,0.108,0.309
squid,215,1.751,0.07,0.081,0.178
tostadas,216,1.48,0.078,0.132,0.071
lamb,217,2.941,0.211,0,0.247
brazil nuts,218,6.574,0.663,0.121,0.142
macaroni,219,3.725,0.015,0.754,0.127
pita bread,220,2.75,0.011,0.558,0.088
vegetable oil,221,8.864,1,0,0
pine nuts,222,6.646,0.685,0.126,0.132
macadamia nuts,223,7.188,0.75,0.139,0.079
potato salad,224,1.429,0.08,0.111,0.028
veggie burgers,225,1.771,0.061,0.141,0.159
pasta sauce,226,0.292,0.002,0.069,0.013
calamari,227,1.751,0.07,0.081,0.178
cornmeal,228,3.7,0.018,0.793,0.07
bologna,229,2.452,0.206,0.007,0.151
frostings,230,4.217,0.163,0.686,0
deprecated,231,0.905,0.003,0.234,0.011
oysters,232,1.989,0.128,0.117,0.088
vodka,233,2.306,0,0,0
smoothies,234,0.383,0,0.084,0.013
pecan pie,235,4.123,0.218,0.525,0.049
roast beef,236,1.698,0.059,0,0.291
hot chocolate,237,0.77,0.023,0.109,0.035
hominy,238,0.721,0.009,0.143,0.015
custard,239,1.175,0.04,0.172,0.04
smoked salmon,240,1.173,0.043,0,0.184
scones,241,3.525,0.162,0.447,0.07
tortellini,242,3.072,0.072,0.47,0.138
mozzarella cheese,243,2.776,0.171,0.032,0.28
chicken breast,244,1.652,0.036,0,0.311
wheat bread,245,2.468,0.033,0.421,0.13
baked beans,246,1.529,0.05,0.216,0.057
blueberry pie,247,2.456,0.119,0.33,0.027
hard boiled eggs,248,1.555,0.105,0.012,0.125
cashews,249,5.534,0.432,0.309,0.178
rolls,250,3.089,0.065,0.521,0.107
tortilla chips,251,4.642,0.153,0.737,0.086
broth,252,2.64,0.147,0.185,0.165
tahini,253,5.956,0.535,0.211,0.17
mashed potatoes,254,0.907,0.029,0.151,0.017
nougat,255,3.99,0.016,0.924,0.034
fish oil,256,9.033,1.01,0,0
brownies,257,4.661,0.288,0.498,0.062
popcorn,258,3.745,0.043,0.74,0.11
corned beef,259,2.508,0.19,0.005,0.179
iced tea,260,0.373,0.001,0.093,0
pumpkins,261,0.259,0.001,0.065,0.01
yogurt,262,0.589,0.004,0.036,0.1
mousse,263,2.249,0.16,0.16,0.041
bagels,264,2.5,0.015,0.49,0.101
sardines,265,2.031,0.111,0,0.243
pot pies,266,1.982,0.113,0.189,0.049
coconuts,267,3.537,0.333,0.152,0.033
soft serve ice creams,268,2.234,0.13,0.222,0.041
onion rings,269,4.106,0.253,0.438,0.039
cocoa,270,2.237,0.135,0.573,0.198
peaches,271,0.393,0.003,0.095,0.009
cupcakes,272,3.055,0.036,0.672,0.042
sandwiches,273,2.329,0.13,0.179,0.11
trail mix,274,4.62,0.286,0.454,0.139
frozen yogurt,275,1.633,0.059,0.245,0.041
chocolate cake,276,3.707,0.15,0.534,0.052
chimichangas,277,2.441,0.112,0.249,0.112
beer,278,0.431,0,0.036,0.005
omelets,279,1.54,0.117,0.006,0.104
souffle,280,1.691,0.13,0.06,0.079
edamame,281,1.22,0.051,0.098,0.11
energy drinks,282,0.459,0.001,0.12,0.003
salad dressing,283,4.799,0.467,0.165,0.008
ribs,284,3.513,0.281,0,0.227
trout,285,1.409,0.06,0,0.201
romano cheese,286,3.874,0.273,0.036,0.318
toast,287,3.131,0.042,0.555,0.13
empanadas,288,3.355,0.18,0.312,0.111
ranch dressing,289,4.837,0.505,0.068,0.01
cheddar cheese,290,4.019,0.33,0.013,0.248
salt,291,0,0,0,0
spreads,292,2.357,0.171,0.12,0.079
sandwich cookies,293,4.697,0.202,0.704,0.056
granola,294,4.693,0.204,0.647,0.1
provolone cheese,295,3.519,0.266,0.022,0.253
sundaes,296,1.799,0.053,0.302,0.037
pepperoni,297,4.936,0.438,0,0.231
focaccia,298,2.496,0.079,0.355,0.089
soy milk,299,0.534,0.017,0.061,0.033
egg yolks,300,3.228,0.267,0.036,0.159
english muffins,301,2.355,0.018,0.458,0.078
pie crust,302,2.367,0.11,0.345,0.018
chocolate chip cookies,303,4.874,0.281,0.569,0.058
puddings,304,1.197,0.032,0.198,0.032
fudge,305,4.114,0.103,0.762,0.024
croutons,306,4.081,0.067,0.723,0.12
stuffing,307,3.854,0.035,0.767,0.11
lamb chops,308,2.941,0.211,0,0.247
rum,309,2.313,0,0,0
corn chips,310,5.18,0.281,0.632,0.06
granola bars,311,4.712,0.2,0.653,0.1
pepper,312,0.4,0.002,0.093,0.02
peanut butter,313,5.895,0.503,0.194,0.251
sourdough bread,314,2.889,0.018,0.562,0.119
corn dogs,315,2.629,0.109,0.32,0.099
roast chicken,316,2.237,0.13,0,0.235
flounder,317,0.703,0.019,0,0.124
flour,318,3.641,0.01,0.76,0.102
feta cheese,319,2.641,0.211,0.042,0.138
black beans,320,1.32,0.005,0.237,0.089
water,321,0,0,0,0
garlic bread,322,3.501,0.167,0.421,0.082
salami,323,3.347,0.26,0.024,0.22
chocolate,324,5.461,0.314,0.607,0.049
nectarines,325,0.442,0.003,0.107,0.011
chicken soup,326,0.355,0.012,0.034,0.025
root beer,327,0.415,0,0.108,0
sugar,328,3.88,0,1,0
pate nutrition,329,3.182,0.281,0.015,0.141
haddock,330,0.904,0.006,0,0.2
pancakes,331,2.266,0.096,0.284,0.063
salmon,332,1.78,0.08,0,0.24
potato bread,333,2.658,0.031,0.469,0.128
white bread,334,2.649,0.032,0.489,0.091
eggplant,335,0.248,0.002,0.059,0.01
peanuts,336,5.675,0.492,0.161,0.253
waffles,337,2.903,0.143,0.327,0.079
vinaigrette,338,4.655,0.518,0.026,0
grits,339,0.59,0.002,0.13,0.014
lo mein,340,1.22,0.024,0.2,0.048
cream,341,3.363,0.366,0.027,0.028
turnips,342,0.217,0.001,0.051,0.007
cranberry juice,343,0.453,0.001,0.111,0.003
peach,344,0.388,0.003,0.095,0.009
roast pork,345,2.918,0.212,0,0.235
turnover,346,1.781,0.081,0.256,0.015
baby carrots,347,0.41,0.002,0.1,0.009
egg salad,348,2.12,0.184,0.024,0.081
mangos,349,0.606,0.004,0.15,0.008
miso soup,350,0.245,0.012,0.015,0.024
mackerel,351,2.62,0.18,0,0.24
calzones,352,3.08,0.21,0.13,0.16
burritos,353,1.8,0.068,0.23,0.07
soy nuts,354,4.49,0.22,0.29,0.43
crackers,355,5.1,0.26,0.61,0.066
french fries,356,3.12,0.15,0.41,0.034
lentils,357,1.14,0.004,0.2,0.09
mixed vegetables,358,0.32,0.003,0.069,0.017
honey,359,3.04,0,0.82,0.003
risotto,360,1.22,0.039,0.16,0.043
roast turkey,361,1.89,0.074,0.001,0.29
ice creams,362,2.07,0.11,0.24,0.035
meatloaf,363,1.81,0.099,0.077,0.15
sunflower seeds,364,5.46,0.5,0.15,0.19
quiche,365,3.71,0.31,0.099,0.13
sauerkraut,366,0.19,0.001,0.043,0.009
lime,367,0.3,0.002,0.105,0.007
donuts,368,4.21,0.23,0.48,0.061
fritters,369,2.76,0.2,0.2,0.046
mahi mahi,370,1.09,0.009,0,0.24
dumplings,371,2.3,0.054,0.39,0.062
chilaquiles,372,1.95,0.12,0.12,0.089
snapper,373,1.28,0.017,0,0.26
peas,374,0.84,0.002,0.16,0.054
fruit salad,375,0.59,0.003,0.15,0.008
naan,376,2.91,0.057,0.5,0.096
quinoa,377,1.2,0.019,0.21,0.044
catfish,378,1.44,0.072,0,0.18
lima beans,379,1.15,0.004,0.21,0.078
pizza,380,2.66,0.097,0.33,0.11
gouda cheese,381,3.56,0.27,0.022,0.25
cheeseburgers,382,2.69,0.14,0.2,0.15
italian dressing,383,2.31,0.205,0.119,0.004
coffee,384,0,0,0,0
curries,385,1.04,0.046,0.032,0.12
eel,386,2.36,0.15,0,0.24
candies,387,3.94,0.002,0.98,0
fried eggs,388,1.96,0.15,0.008,0.14
chicken drumsticks,389,1.84,0.09,0,0.24
margarita,390,1,0,0.099,0.001
cobbler,391,1.99,0.063,0.35,0.02
pepperoni pizza,392,2.82,0.12,0.32,0.12
teriyaki sauce,393,0.89,0,0.16,0.059
gorgonzola cheese,394,3.53,0.29,0.023,0.21
string cheese,395,3,0.22,0.022,0.22
wheat beer,396,0.43,0,0.036,0.005
gyros,397,1.85,0.1,0.11,0.12
champagne,398,0.82,0,0.026,0.001
raisin bread,399,2.74,0.044,0.52,0.079
cornbread,400,2.66,0.071,0.44,0.067
wraps,401,3.25,0.071,0.56,0.087
tuna,402,1.3,0.006,0,0.29
fruit cocktail,403,0.73,0.001,0.19,0.004
potato skins,404,3.4,0.26,0.15,0.13
seaweed,405,0.38,0.003,0.084,0.024
sherbet,406,1.44,0.02,0.3,0.011
horseradish,407,0.48,0.007,0.11,0.012
jambalaya,408,1.56,0.074,0.15,0.071
greek salad,409,1.13,0.094,0.047,0.032
goulash,410,1.07,0.039,0.1,0.076
stews,411,1.06,0.032,0.082,0.11
havarti cheese,412,3.71,0.3,0.028,0.23
pilaf,413,1.592,0.049,0.256,0.025
chutney,414,1.2,0.08,0.1,0.05
cereal,415,3.76,0.067,0.73,0.12
ground chicken,416,1.89,0.11,0,0.23
fajitas,417,2,0.079,0.18,0.14
chicken wings,418,3.28,0.24,0.098,0.17
hard cider,419,0.56,0,0.059,0
ice pop,420,0.79,0.002,0.19,0
ground turkey,421,2.58,0.17,0,0.25
crab,422,0.83,0.007,0,0.18
plate only,423,0,0,0,0
prunes,424,2.4,0.004,0.64,0.022
goat cheese,425,2.64,0.21,0,0.19
tomato soup,426,0.35,0.002,0.074,0.007
muesli,427,3.52,0.033,0.76,0.11
white wine,428,0.82,0,0.026,0.001
gnocchi,429,2.01,0.012,0.41,0.06
apricots,430,0.48,0.004,0.11,0.014
licorice,431,3.5,0.023,0.8,0.026
red potatoes,432,0.89,0.001,0.2,0.023
roasted potatoes,433,1.41,0.068,0.18,0.021
sour cream,434,1.98,0.19,0.046,0.024
jerky,435,4.1,0.26,0.11,0.33
coffee creamer,436,1.32,0.099,0.112,0.01
sweet potato,437,0.76,0,0.18,0.01
chicken nuggets,438,3.07,0.2,0.15,0.16
anchovies,439,2.1,0.097,0,0.29
grapes,440,0.69,0.002,0.18,0.007
butter,441,7.17,0.81,0.001,0.008
hummus,442,1.66,0.096,0.14,0.079
crispbread,443,3.66,0.013,0.82,0.079
dates,444,2.82,0.004,0.75,0.025
papayas,445,0.43,0.003,0.11,0.005
stout beer,446,0.45,0,0.015,0.002
nutrition bars,447,4,0.098,0.4,0.38
jalapenos,448,0.29,0.004,0.065,0.009
cappuccino,449,0.42,0.016,0.042,0.026
buns,450,2.79,0.039,0.5,0.098
taco shells,451,4.76,0.22,0.63,0.064
maple syrup,452,2.6,0.001,0.65,0.001
deprecated,453,0.52,0.002,0.003,0.14
rice cakes,454,3.885,0.028,0.81,0.082
cookies,455,4.92,0.25,0.65,0.051
barley,456,1.23,0.004,0.28,0.023
sun dried tomatoes,457,2.58,0.03,0.56,0.14
deprecated,458,0.3,0.001,0.076,0.006
cereal bars,459,3.42,0.009,0.78,0.059
nectar,460,0.316,0,0.082,0.066
samosas,461,2.62,0.17,0.24,0.035
pork,462,2.38,0.14,0,0.26
beets,463,0.44,0.002,0.1,0.017
baked potatoes,464,0.93,0.001,0.21,0.025
american cheese,465,3.12,0.23,0.088,0.17
pistachios,466,5.69,0.46,0.28,0.21
relish,467,1.3,0.005,0.35,0.004
camembert cheese,468,3,0.24,0.005,0.2
carp,469,1.28,0.027,0,0.26
deprecated,470,0.93,0.001,0.21,0.025
cherry tomatoes,471,0.18,0.002,0.039,0.009
couscous,472,1.12,0.002,0.23,0.038
cranberries,473,0.46,0.001,0.12,0.005
quesadillas,474,3.68,0.23,0.24,0.16
salsa,475,0.29,0.002,0.066,0.015
almond milk,476,0.23,0.01,0.032,0.004
light beer,477,0.29,0,0.016,0.002
sweet rolls,478,2.73,0.063,0.46,0.086
challah,479,2.87,0.06,0.48,0.095
ice cream soda,480,0.51,0,0.13,0
flatbread,481,2.75,0.012,0.56,0.091
rice,482,1.3,0.003,0.28,0.027
water chestnuts,483,0.3,0.001,0.068,0.009
chicken salad,484,2.27,0.16,0.029,0.17
zucchini,485,0.15,0.004,0.027,0.011
cakes,486,3.91,0.18,0.56,0.03
crepes,487,1.65,0.083,0.16,0.059
mexican cheese,488,3.58,0.29,0.018,0.24
lobster,489,1.43,0.019,0.031,0.26
tea,490,0.01,0,0.003,0
nachos,491,2.24,0.17,0.048,0.12
taco salad,492,1.57,0.085,0.14,0.07
lager,493,0.43,0,0.036,0.005
jams,494,2.78,0.001,0.69,0.004
cream cheese,495,3.5,0.34,0.055,0.062
capers,496,0.23,0.009,0.049,0.024
halibut,497,1.11,0.016,0,0.23
orange juice,498,0.47,0.001,0.11,0.007
latte,499,0.44,0.017,0.044,0.029
taquitos,500,2.86,0.13,0.34,0.093
cherries,501,0.63,0.002,0.16,0.011
milk,502,0.51,0.019,0.05,0.035
applesauce,503,0.68,0.002,0.17,0.002
vegetable juice,504,0.22,0.003,0.039,0.009
meatballs,505,2.86,0.22,0.081,0.14
pinto beans,506,1.43,0.007,0.26,0.09
mandarin oranges,507,0.53,0.003,0.13,0.008
soy sauce,508,0.53,0.006,0.049,0.081
tempura,509,1.05,0.039,0.11,0.065
chicken apple sausage,510,1.6,0.1,0.03,0.14
spinach (cooked),511,0.23,0,0.04,0.03
kimchi,512,0.3,0.001,0.057,0.016
millet,513,1.19,0.01,0.237,0.035
wheat berry,514,0.91,0.005,0.191,0.042
arugula,515,0.25,0.007,0.037,0.026
rosemary,516,1.31,0.057,0.2,0.029
chard,517,0.19,0.002,0.037,0.018
thyme,518,1.01,0.017,0.24,0.06
oregano,519,2.7,0.04,0.69,0.09
lemon juice,520,0.17,0,0.056,0.004
basil,521,0.24,0,0.02,0.04
tatsoi,522,0.22,0.003,0.039,0.022
cilantro,523,0.228,0.005,0.037,0.022
parsley,524,0.371,0.008,0.064,0.029
bok choy,525,0.13,0.002,0.022,0.015
mustard greens,526,0.27,0.004,0.047,0.029
chive,527,0.3,0.007,0.044,0.033
celery root,528,0.42,0.003,0.092,0.015
chayote squash,529,0.24,0.005,0.051,0.006
endive,530,0.17,0.002,0.034,0.013
pumpkin seeds,531,4.46,0.19,0.54,0.19
pesto,532,5.62,0.549,0.08,0.121
orzo,533,2.25,0.009,0.458,0.079
country rice,534,1.5204,0.068,0.316,0.0386
green onions,535,0.32,0.002,0.07,0.018
banana with peel,536,0.556,0.002,0.144,0.007
orange with peel,537,0.294,0.001,0.075,0.006
jicama,538,0.38,0.001,0.09,0.007
nopales,539,0.16,0.001,0.033,0.014
ginger,540,0.8,0.008,0.18,0.018
tomatillo,541,0.32,0.01,0.06,0.01
white beans,542,1.39,0.004,0.251,0.097
chia seeds,543,4.86,0.31,0.42,0.17
corn starch,544,3.8,0.0005,0.914,0.003
greek yogurt,545,0.59,0.004,0.036,0.1
balsamic vinegar,546,0.88,0,0.17,0.005
corn nuts,547,4.36,0.14,0.72,0.09
coconut milk,548,2.3,0.24,0.06,0.023
pizza dough,549,2.355,0.047,0.417,0.054
fennel,550,0.31,0.002,0.07,0.012
pizza sauce,551,0.29,0.002,0.07,0.013
pomegranate,552,0.83,0.012,0.19,0.017
nut cheese,553,2.1,0.101,0.04,0.256
soy sausage,554,2.02,0.144,0.063,0.16
oil,555,8.864,1,0,0
